sub-29273	acq-rc8chan
sub-29274	acq-rc8chan
sub-29275	acq-rc8chan
sub-29276	acq-rc8chan
sub-29277	acq-rc8chan
sub-29278	acq-rc8chan
sub-29279	acq-rc8chan
sub-29280	acq-rc8chan
sub-29281	acq-rc8chan
sub-29282	acq-rc8chan
sub-29283	acq-rc8chan
sub-29284	acq-rc8chan
sub-29285	acq-rc8chan
sub-29286	acq-rc8chan
sub-29287	acq-rc8chan
sub-29288	acq-rc8chan
sub-29289	acq-rc8chan
sub-29290	acq-rc8chan
sub-29291	acq-rc8chan
sub-29292	acq-rc8chan
sub-29293	acq-rc8chan
sub-29294	acq-rc8chan
sub-29295	acq-rc8chan
sub-29296	acq-rc8chan
sub-29297	acq-rc8chan
sub-29298	acq-rc8chan
sub-29299	acq-rc8chan
sub-29300	acq-rc8chan
sub-29301	acq-rc8chan
sub-29302	acq-rc8chan
sub-29303	acq-rc8chan
sub-29304	acq-rc8chan
sub-29305	acq-rc8chan
sub-29306	acq-rc8chan
sub-29307	acq-rc8chan
sub-29308	acq-rc8chan
sub-29309	acq-rc8chan
sub-29310	acq-rc8chan
sub-29311	acq-rc8chan
sub-29312	acq-rc8chan
sub-29313	acq-rc8chan
sub-29314	acq-rc8chan
sub-29315	acq-rc8chan
sub-29316	acq-rc8chan
sub-29317	acq-rc8chan
sub-29318	acq-rc8chan
sub-29319	acq-rc8chan
sub-29320	acq-rc8chan
sub-29321	acq-rc8chan
sub-29322	acq-rc8chan
sub-29323	acq-rc8chan
sub-29324	acq-rc8chan
sub-29325	acq-rc8chan
sub-29326	acq-rc8chan
sub-29327	acq-rc8chan
sub-29328	acq-rc8chan
sub-29329	acq-rc8chan
sub-29330	acq-rc8chan
sub-29331	acq-rc8chan
sub-29332	acq-rc8chan
sub-29333	acq-rc8chan
sub-29334	acq-rc8chan
sub-29335	acq-rc8chan
sub-29336	acq-rc8chan
sub-29337	acq-rc8chan
sub-29338	acq-rc8chan
sub-29339	acq-rc8chan
sub-29340	acq-rc8chan
sub-29341	acq-rc8chan
sub-29342	acq-rc8chan
sub-29343	acq-rc8chan
sub-29344	acq-rc8chan
sub-29345	acq-rc8chan
sub-29346	acq-rc8chan
sub-29347	acq-rc8chan
sub-29348	acq-rc8chan
sub-29349	acq-rc8chan
sub-29350	acq-rc8chan
sub-29351	acq-rc8chan
sub-29352	acq-rc8chan
sub-29353	acq-rc8chan
sub-29354	acq-rc8chan
sub-29355	acq-rc8chan
sub-29356	acq-rc8chan
sub-29357	acq-rc8chan
sub-29358	acq-rc8chan
sub-29359	acq-rc8chan
sub-29360	acq-rc8chan
sub-29361	acq-rc8chan
sub-29362	acq-rc8chan
sub-29363	acq-rc8chan
sub-29364	acq-rc8chan
sub-29365	acq-rc32chan
sub-29366	acq-rc32chan
sub-29367	acq-rc8chan
sub-29368	acq-rc8chan
sub-29369	acq-rc8chan
sub-29370	acq-rc8chan
sub-29371	acq-rc8chan
sub-29372	acq-rc8chan
sub-29373	acq-rc8chan
sub-29374	acq-rc8chan
sub-29375	acq-rc8chan
sub-29376	acq-rc8chan
sub-29377	acq-rc8chan
sub-29378	acq-rc8chan
sub-29379	acq-rc8chan
sub-29380	acq-rc8chan
sub-29381	acq-rc8chan
sub-29382	acq-rc8chan
sub-29383	acq-rc8chan
sub-29384	acq-rc8chan
sub-29385	acq-rc8chan
sub-29386	acq-rc8chan
sub-29387	acq-rc8chan
sub-29388	acq-rc8chan
sub-29389	acq-rc8chan
sub-29390	acq-rc8chan
sub-29391	acq-rc8chan
sub-29392	acq-rc8chan
sub-29393	acq-rc8chan
sub-29394	acq-rc8chan
sub-29395	acq-rc8chan
sub-29396	acq-rc8chan
sub-29397	acq-rc8chan
sub-29398	acq-rc8chan
sub-29399	acq-rc8chan
sub-29400	acq-rc8chan
sub-29401	acq-rc8chan
sub-29402	acq-rc32chan
sub-29403	acq-rc8chan
sub-29404	acq-rc8chan
sub-29405	acq-rc32chan
sub-29407	acq-rc32chan
sub-29408	acq-rc8chan
sub-29409	acq-rc32chan
sub-29410	acq-rc8chan
sub-29411	acq-rc32chan
sub-29412	acq-rc32chan
sub-29413	acq-rc32chan
sub-29414	acq-rc32chan
sub-29415	acq-rc8chan
sub-29416	acq-rc32chan
sub-29417	acq-rc32chan
sub-29418	acq-rc32chan
sub-29419	acq-rc32chan
sub-29420	acq-rc8chan
sub-29421	acq-rc32chan
sub-29422	acq-rc8chan
sub-29423	acq-rc32chan
sub-29424	acq-rc8chan
sub-29425	acq-rc32chan
sub-29427	acq-rc32chan
sub-29428	acq-rc32chan
sub-29429	acq-rc32chan
sub-29430	acq-rc32chan
sub-29431	acq-rc32chan
sub-29432	acq-rc8chan
sub-29433	acq-rc32chan
sub-29434	acq-rc8chan
sub-29435	acq-rc32chan
sub-29436	acq-rc8chan
sub-29437	acq-rc8chan
sub-29438	acq-rc8chan
sub-29439	acq-rc8chan
sub-29440	acq-rc8chan
sub-29441	acq-rc8chan
sub-29442	acq-rc8chan
sub-29443	acq-rc32chan
sub-29444	acq-rc32chan
sub-29445	acq-rc8chan
sub-29446	acq-rc8chan
sub-29447	acq-rc32chan
sub-29448	acq-rc32chan
sub-29449	acq-rc32chan
sub-29450	acq-rc8chan
sub-29451	acq-rc32chan
sub-29452	acq-rc32chan
sub-29453	acq-rc32chan
sub-29454	acq-rc32chan
sub-29455	acq-rc32chan
sub-29456	acq-rc32chan
sub-29457	acq-rc32chan
sub-29458	acq-rc32chan
sub-29459	acq-rc32chan
sub-29460	acq-rc32chan
sub-29461	acq-rc32chan
sub-29462	acq-rc32chan
sub-29463	acq-rc32chan
sub-29464	acq-rc32chan
sub-29465	acq-rc32chan
sub-29466	acq-rc32chan
sub-29467	acq-rc32chan
sub-29468	acq-rc8chan
sub-29469	acq-rc32chan
sub-29470	acq-rc32chan
sub-29471	acq-rc32chan
sub-29472	acq-rc8chan
sub-29473	acq-rc32chan
sub-29474	acq-rc32chan
sub-29475	acq-rc32chan
sub-29476	acq-rc32chan
sub-29477	acq-rc32chan
sub-29478	acq-rc32chan
sub-29479	acq-rc32chan
sub-29480	acq-rc32chan
sub-29481	acq-rc32chan
sub-29482	acq-rc32chan
sub-29483	acq-rc32chan
sub-29484	acq-rc32chan
sub-29485	acq-rc32chan
